word,freq
cheminée,463
composé,1304
bénéficie,73
vis,486
seconde,55
câble,27
bloc,11
levis,11
téléphone,140
fonction,84
mairie,50
tenue,13
parties,94
six,11
vigik,12
ans,46
quote,22
transport,22
séverin,11
villa,64
pernety,45
père,27
canapé,485
attention,14
dont,614
ouvert,41
achat,17
non,354
edl,27
room,36
zola,20
14ème,39
isambert,23
baigné,34
appartements,107
muette,72
luxembourg,110
style,81
alma,42
peinture,74
exigés,21
blanche,40
beau,986
idéal,172
plafond,374
claire,28
téléviseur,14
tocqueville,13
size,12
expatriés,21
commission,26
prestations,405
application,114
durée,133
corvisart,13
escalier,70
internet,405
bizot,27
refaites,24
services,53
parkings,30
indépendant,327
lourmel,49
vitrocéramique,23
cm,44
mirabeau,51
ensoleillée,14
vendredi,24
jolie,114
porte,468
immo,24
pks,12
dessert,20
murs,26
visite,713
chambre,3808
récente,138
offrant,127
5m²,15
corporate,45
tcc,26
montmartre,51
dugommier,13
parisiens,22
recherché,72
4x,14
secondaire,231
second,20
vitro,37
commerces,943
l9,14
malesherbes,34
rousseau,19
cité,45
clair,685
partir,112
élevé,89
fourche,20
chaudière,45
coulée,13
jf,16
balcons,108
gros,20
cinquième,23
sébastien,15
élégant,25
owczarek,12
enfants,19
hakeim,69
libre,772
bourse,11
48m²,14
eaux,19
rénové,560
balard,16
information,24
arago,13
séjour,5013
email,45
vue,984
imprenable,33
viii,12
évier,36
vidéophone,27
150e,18
arts,31
courte,13
vers,19
vélos,37
construit,17
classe,25
demi,11
résidentiel,19
gambetta,54
découvrez,12
pont,57
comprise,42
juste,15
localisation,19
semaine,28
90m²,15
9ème,57
four,421
ménage,38
bel,2040
intérieur,88
gratuite,23
étagères,22
linge,962
roger,14
fontaine,21
sèche,220
doté,16
blancs,17
présence,26
monge,39
code,442
franck,11
verte,13
réf,155
interphone,611
beprem,24
coup,82
paris,1902
site,250
électriques,306
m²,3763
calvaire,14
françoise,13
visiter,246
droite,25
identité,16
vaste,244
animé,46
deuxième,124
vasque,45
équiper,59
jacuzzi,11
300m,14
dragon,11
cinéma,15
mars,114
renseignement,17
comprend,346
jolies,18
clichy,39
cave,1875
45m²,42
apartment,18
2e,122
bibliothèque,57
didot,11
vieille,13
salle,9034
grand,1417
copropriété,324
vélo,32
revenu,20
dégagements,23
victor,131
24m²,19
hall,30
80m²,26
tout,384
part,49
contractuelles,17
principale,1214
hauteur,365
bancaire,70
12ème,30
faidherbe,19
vrai,18
semi,200
placé,21
nombreuses,20
hongrie,61
joli,184
bas,30
intégré,44
briques,20
verrière,22
total,46
télévision,208
retraités,16
gobelins,35
beprems,12
dispo,15
15ème,61
plein,239
espace,301
lecourbe,51
établissement,14
décorative,13
logement,106
rambuteau,31
bailleur,16
parisien,48
loggia,35
eugène,18
boulets,13
exposée,13
rapidement,174
manger,945
commun,22
perte,48
idéalement,187
mail,212
absolument,25
composée,20
décoré,46
arrière,15
supplémentaires,23
35m²,40
laumière,16
kléber,23
beaucoup,162
massif,25
fin,39
récemment,87
immobiliers,24
mme,42
oberkampf,24
cafetière,16
7e,37
aménagés,14
cuisine,7262
carrez,157
vitrages,24
vosges,40
simples,28
prévoir,13
trocadéro,51
taxe,17
laugier,13
déposer,24
9h,21
avis,20
ranelagh,63
môquet,20
floor,21
éléments,11
entreprises,21
pavée,43
munir,32
venir,15
56m²,13
champerret,28
maillot,53
complètement,39
couloir,80
carrelage,45
johnson,21
ainsi,196
devant,19
mesure,13
orienté,35
dorée,17
dumas,25
lazare,37
lv,62
vaisselle,613
longue,20
an,128
chez,15
hésitez,95
evaluation,17
49m²,14
premier,103
3m²,11
book,132
marché,105
faure,30
mobilier,257
standing,1243
matériaux,47
vient,21
aménagement,12
sein,63
65m²,19
énergie,34
déposez,23
travaux,69
europe,15
29m²,16
hugo,128
allée,12
chaligny,17
grâce,23
moulures,526
courcelles,54
colocation,181
pièces,4032
ch,28
île,59
entretenu,215
téléchargez,14
note,59
université,27
versailles,69
école,86
situation,32
carrefour,11
rangement,236
250e,12
orpi,35
immédiatement,278
chaumont,65
17m²,21
télégraphe,17
classé,23
sécurisé,465
guy,61
café,13
vks,14
mlle,13
loft,65
sacré,39
brochant,23
toilettes,326
19m²,14
parfait,441
séchant,98
eiffel,202
superficie,158
poussettes,13
individuelle,148
taille,726
motte,42
général,156
sanibroyeur,11
collective,58
commode,19
olivier,21
compose,829
10ème,43
comporte,168
annonce,62
mardi,24
parfaitement,50
carnot,13
poissonnière,14
base,17
portes,30
cano,15
indépendantes,25
station,90
montparnasse,129
côté,37
passy,115
bains,3891
env,26
vii,20
cloud,38
souplex,13
duret,15
parking,1199
lignes,118
exceptionnelle,47
bain,996
climatisé,13
selon,119
église,68
wc,6638
autres,317
47m²,17
roule,27
février,33
réglementation,13
après,42
primes,17
l2,11
garants,124
sèvres,58
comprises,472
10e,12
civil,328
proximités,11
habitation,108
reuilly,28
fenêtre,186
élysées,86
cour,1456
fermé,25
chastagnol,14
conditions,118
commerce,94
villette,29
royal,56
avenue,653
loc,22
18e,25
mois,1075
séchante,13
sécurisée,112
peu,11
environ,504
cherche,35
grands,104
box,125
équipé,239
propose,351
quinet,12
annuelles,20
mozart,31
doubles,35
vente,23
sofigest,12
wagram,60
argentine,53
mensuelles,35
etoile,62
ravissant,15
coeur,393
draps,72
franklin,31
parquets,41
mezzanine,227
xiv,17
agent,24
port,39
88m²,16
être,75
lié,14
cours,160
absolu,44
denis,20
convertible,137
30m²,50
réfrigérateur,558
sixième,22
demande,53
brique,24
gaité,13
balconnets,14
beaux,103
écoles,112
vaneau,24
maunoury,11
ange,39
cachet,28
moquet,34
pvc,18
impeccable,14
of,31
alur,377
parmentier,27
facultatif,28
trocadero,31
odéon,52
cuisinette,12
vanves,11
serviettes,91
professionnel,18
tant,14
felix,14
design,21
27m²,24
molitor,18
stations,31
f1,23
fibre,42
provision,52
revenus,165
morale,23
espaces,36
aussi,19
cagibi,11
cuisson,182
ligne,640
commerçants,15
cc,659
salles,305
montsouris,32
martyrs,21
repeint,74
36m²,23
moins,86
alarme,14
compléter,17
cheveux,11
dus,83
étoile,107
début,30
ardouin,13
living,116
goût,92
25m²,45
qualités,26
petits,31
stores,14
cailles,27
disponible,935
gardiennée,11
demandes,14
16ème,129
midi,44
sus,208
cumulé,16
ec,12
ravalement,15
23m²,22
xv,22
bâtiment,29
henri,47
loyers,62
etablissement,193
diagnostics,16
complètent,64
sergic,14
boulevards,18
privatif,57
optique,36
profession,26
cdd,14
digicodes,49
terrasse,453
bar,49
acceptée,31
arrêts,12
flat,135
consultez,132
gif,14
comme,56
bail,1608
pelleport,22
42m²,21
musée,25
philippe,52
derniers,17
jeune,12
partie,51
moderne,509
cambronne,40
bourgeois,75
jasmin,45
gustave,11
historique,16
militaire,62
net,72
donne,57
émile,30
locataires,261
arboré,27
totale,21
recherche,29
vide,516
moquette,37
assurance,75
cuisinière,11
fonctionnel,84
métiers,15
vitrée,50
esplanade,11
chaillot,14
disposant,45
javel,36
13m²,18
3x,14
rue,4325
origine,16
studette,97
7m²,11
juin,11
7ème,257
halles,26
lits,59
volontaires,35
vestiaire,19
petit,249
picquet,28
siècle,108
obligatoire,15
surface,326
haussmanien,30
possibles,21
murat,11
placards,960
sécurité,29
particulièrement,39
métro,2529
piscine,11
jour,12
33m²,30
seine,124
salon,1050
entretien,21
pain,16
nuit,91
disposition,42
offre,82
contacté,14
agricole,22
dame,72
cdi,41
merci,190
sorbonne,34
hôtel,114
exiges,65
esprit,18
mouton,15
18m²,20
venez,30
également,80
moulin,21
agréable,341
auteuil,144
buttes,64
ponthieu,14
local,76
baignoire,354
sms,28
pied,334
table,182
convention,169
furnished,12
rubrique,17
fauteuil,12
dossier,622
loin,20
attente,13
lopez,16
lamarck,35
propre,20
exigé,11
terre,45
charme,374
triple,69
ascenseurs,33
coordonnées,18
débarras,82
cardinal,26
séduira,50
spotahome,32
long,11
alain,14
sis,19
bancaires,11
dernière,21
tél,41
angle,131
service,164
plafonds,18
quais,22
arborée,149
eur,32
déco,49
50m²,60
contacter,420
tuileries,17
28m²,21
nombreux,748
fer,15
jours,14
chebbi,11
60m²,31
hc,194
protégé,13
boulainvilliers,15
cinq,21
comprennent,16
superbe,278
dôme,12
maximum,31
co,24
solferino,13
lieu,13
garant,75
with,32
immobilier,169
mn,43
fuel,18
boulogne,22
martin,72
pierres,47
international,14
georges,65
les,1018
envoyer,24
neuves,54
charges,1737
havre,15
15m²,32
produit,20
jamais,16
roulants,19
bonne,80
ville,46
8m²,18
volets,56
collectif,901
montorgueil,33
xvii,16
partiellement,19
bir,70
mercredi,22
baux,219
découvrir,39
locations,37
bernard,11
soumis,62
équipements,18
3e,132
renseignements,132
duroc,23
gestion,46
chantreux,11
suit,20
75m²,12
hors,341
20e,11
51m²,20
neuf,1394
dehors,13
clignancourt,17
garantie,417
cabine,32
périodes,136
chardon,29
bourdonnais,12
personne,127
marbre,38
refait,1271
cardinet,21
pointe,11
marais,89
office,61
supérieur,23
exceptionnel,65
67m²,11
lots,42
boulevard,381
rdv,101
disponibles,98
building,21
poncelet,20
machines,23
quelques,66
universitaire,12
possible,233
exclusivement,20
renouvelable,29
onde,87
70m²,27
main,16
cosy,71
gaulle,33
vigueur,36
qualité,206
bureaux,12
avance,32
étudiant,86
galerie,156
andré,20
photos,47
vivre,330
simple,29
situé,2090
us,135
entrée,5073
mise,16
matin,22
vincennes,26
maître,13
crimée,26
cler,38
couple,15
wifi,53
lumineuse,45
joliment,19
ème,11
ondes,178
babylone,26
cadre,22
épinettes,11
intégralement,19
very,14
provisions,106
privé,17
boutiques,11
janvier,143
avant,20
20m²,31
xvie,15
essai,32
mermoz,12
montant,125
volume,26
repas,134
visites,308
enfant,35
dernier,438
basse,44
mouffetard,33
véritable,16
caulaincourt,26
montaigne,45
face,126
somptueux,16
assuré,25
4e,83
legendre,14
cf,21
contemporaine,25
restaurants,29
50e,17
34m²,25
tel,23
septembre,13
maison,101
chaude,1952
rez,579
triomphe,34
dupleix,36
amiral,11
privative,59
mabillon,16
radio,24
alexandre,25
mont,12
chambres,2685
immobilière,37
abbesses,23
multirisque,26
temple,37
rer,203
travail,27
etc,38
63m²,13
vaugirard,117
exposition,304
mensuels,23
prix,63
frais,152
américaine,545
pierre,833
environnement,16
canal,38
loyer,2163
meuble,123
portable,26
17ème,86
mains,72
22m²,20
chauffage,3780
4ème,894
étages,54
simplon,24
indiquant,17
10m²,38
michel,135
invalides,67
sol,969
home,93
55m²,25
chaise,11
st,214
lit,645
jacob,12
32m²,29
appart,16
faubourg,53
juillet,110
principal,23
pyrénées,31
directement,48
2ème,867
ustensiles,20
meubles,118
réceptions,15
artiste,13
antoine,21
similaires,135
intégrés,71
57m²,18
gagnez,29
quatre,92
commerçante,22
françois,33
branchements,13
daumesnil,40
location,1205
bon,1259
ancien,1454
charenton,19
tomettes,35
ledru,24
plain,20
emplacement,215
assomption,14
00e,21
félix,16
toilette,103
citroën,16
barême,68
entièrement,1328
spacieuse,79
euro,57
traversant,282
adresse,39
raymond,25
vitrifié,19
villiers,41
particulier,98
lundi,33
incluant,34
bayen,12
seul,43
fours,47
codes,11
aménager,46
maur,22
air,44
dépôt,379
fermée,21
digicode,921
sud,315
varenne,17
toits,75
transports,523
exposé,110
président,12
50m,32
heure,11
proches,29
gamme,87
verts,17
nécessaire,13
paul,74
maubourg,29
physique,83
maine,12
réception,222
places,53
meublés,39
14m²,26
micro,265
réalisation,27
excellente,32
honoré,56
24h,38
ttc,1104
15e,52
vitrage,660
ourcq,15
faisanderie,15
lingerie,17
tram,23
dg,12
eau,4350
état,2036
aucune,29
siren,23
glacière,33
hauteurs,11
magnifique,273
claude,21
choix,11
question,14
double,2136
cette,44
incluse,18
mixte,77
caractère,47
deux,1978
liège,15
champ,80
germain,151
richard,14
lavabo,144
plaine,12
impasse,43
roquette,14
individuels,452
placard,707
institutionnel,69
gardienne,507
réversible,12
l4,15
bagnolet,14
charles,102
ferdinand,19
accueillir,13
penderies,38
léon,16
sécurisés,12
commercial,34
hauts,19
cluny,13
fonctionnelle,14
marx,31
poissonniers,12
belle,907
art,47
prestation,35
9h30,19
18ème,94
léonard,14
38m²,34
alesia,37
tolbiac,38
tva,317
plus,272
43m²,13
confort,135
kennedy,13
atelier,26
nets,81
samedi,15
metro,280
baies,45
39m²,19
contactez,89
annuel,331
chacune,49
beaubourg,14
chaises,53
envisager,11
armée,25
9m²,20
rangements,1167
dînatoire,72
5ème,673
prestige,28
sainte,22
blanc,19
rotonde,15
alésia,54
lardy,16
chaussée,514
gardiens,21
électricité,83
5e,91
induction,60
compagnie,13
bus,124
inclus,666
servir,27
apparentes,105
jean,107
secteur,42
dégagées,11
haussmannien,351
lemoine,25
raspail,20
batignolles,50
roosevelt,25
très,2893
dégagement,186
verdure,36
foch,86
grille,19
attenante,96
rolland,11
cadet,16
charge,213
coté,43
car,14
voltaire,53
direct,38
résidence,897
meublée,646
ascenseur,4606
square,97
surélevé,19
duvernet,15
niel,13
palier,121
idéale,21
clavier,13
incluses,73
années,130
spacieux,131
congélateur,178
boursier,13
équipée,3127
située,32
dormoy,31
100m,26
filant,195
intérieure,41
cattalan,22
svp,38
champs,248
46m²,17
20ème,26
anne,12
collectifs,672
fourni,16
baie,43
petite,277
accès,217
donnant,731
appoint,28
av,32
fabien,11
olympiades,15
impayés,28
radiateurs,16
élysée,19
friedland,11
indépendants,99
blindée,54
lumineux,1154
neufs,13
lorette,15
vecteur,21
olympierre,15
usage,33
gauche,20
louis,77
moulure,26
gagner,19
coulissante,12
jaurès,18
sulpice,42
vavin,22
alleray,14
totalement,59
ouvrant,102
31m²,25
proposons,360
iéna,28
beaugrenelle,28
dvd,59
belles,373
excellent,140
palais,44
principales,75
accueil,12
situe,97
conciergerie,11
literie,12
locataire,525
housing,51
gaz,734
marc,12
miromesnil,23
boucicaut,32
habitable,51
sauf,91
opéra,28
volumes,105
saisir,36
piquet,14
toutes,231
vite,37
26m²,27
si,272
53m²,14
immédiate,179
passage,49
bois,42
meublées,43
ouverte,1008
bow,11
machine,232
dauphine,28
peut,35
water,20
sans,1210
marcadet,25
directe,15
dispose,124
bosquet,16
breteuil,17
étienne,24
production,21
quai,70
invités,52
ht,47
cuisiner,11
avron,14
décembre,32
communes,96
jusqu,64
trois,347
desnouettes,12
rollin,25
remis,11
coucher,35
équipement,28
loue,24
terrasses,27
dinatoire,135
bretagne,15
amples,20
réhabilité,13
40m²,64
cattalanjohnson,64
century,52
fiche,12
ss,31
euros,2083
900e,11
monceau,125
soin,15
commodités,148
ensemble,61
bureau,407
latin,18
toute,155
aménagé,83
habitables,14
remettre,14
tarder,15
bld,20
lyon,30
village,45
balconnet,24
charmant,302
gtf,19
ordener,17
hotte,237
44m²,14
jardins,69
jeudi,16
cheminées,318
italie,41
composant,176
brassens,28
200m,35
famille,16
prestigieux,15
luxueux,13
cas,93
160cm,11
poutres,171
dominique,39
duplex,222
séparé,1133
fait,14
central,108
ségur,18
tramway,27
rive,11
idem,24
honoraires,1895
décret,37
honoraire,49
parquet,2049
atypique,78
tv,271
consommation,12
chevet,11
studio,1763
grande,965
fargeau,20
vercken,13
prés,73
informations,79
buanderie,217
marche,15
paname,25
16m²,30
jules,48
cet,611
professions,16
6e,90
edgar,15
rome,25
rochereau,35
comprenant,2901
rouge,18
climatisation,48
lieux,634
placide,31
panthéon,26
plaque,148
habité,15
propriétaire,39
employeur,16
ameublement,13
voiture,15
suffren,20
demandés,18
contrat,35
place,715
consulter,24
fleurie,25
pouvant,63
max,16
reviendrons,15
tenu,35
sous,882
téléphonique,27
jourdain,17
complète,200
charonne,31
pompe,59
charmante,22
ternes,114
etage,305
descriptif,53
familiale,16
crédit,22
expositions,11
tour,275
fois,159
ci,14
agencé,80
soleil,122
distribué,32
alcôve,25
gli,16
michels,19
prise,17
dernières,13
choisy,17
plan,131
collège,11
sl,26
escamotable,14
13ème,26
visiophone,35
société,178
kitchenette,277
gardien,1347
desservant,108
accessible,38
poss,11
candidature,50
cumulus,17
lutèce,12
vouillé,18
12h,16
étudiants,43
tina,11
mi,34
virtuelle,15
5mn,27
àvec,11
libérale,26
colonel,22
lafayette,11
acceptés,22
chaque,20
lave,1256
actes,29
ouest,178
caution,109
bien,1038
panoramique,25
nouveau,12
ravalé,38
vert,31
contemporain,71
agencement,15
exercice,16
9e,11
f2,40
and,43
individuel,1034
trouverez,25
mensuel,149
période,36
large,61
faut,12
balcon,1378
abonnement,25
37m²,14
pereire,78
pasteur,53
quartier,849
arc,41
dressings,37
poincaré,14
ménilmontant,18
rivoli,24
où,11
haut,161
censier,25
chapelle,40
bénéficiant,65
décoration,74
armoire,47
auguste,33
immeuble,5297
louvre,34
falguière,36
picpus,34
vie,108
biens,15
présent,11
nouvelle,12
familial,128
16e,28
gardienné,18
enfilade,25
lambert,14
louer,587
8e,18
appartement,5460
feux,26
compris,287
pigalle,15
in,29
prendre,32
voir,226
château,28
parc,241
libérales,17
rénovée,34
located,14
kitchen,11
supplément,28
fournir,12
année,45
exclu,30
personnes,58
refaite,48
téléphoniques,11
robert,13
radiateur,14
l12,17
blomet,26
ftim,15
17e,17
saint,743
king,13
marcel,30
électroménager,36
complet,45
maraîchers,16
étage,5772
jacques,35
grenelle,111
paradis,12
conformes,56
isolation,12
joffrin,46
classique,29
attestation,18
châtelet,32
pieds,37
plaques,492
lycée,23
peintures,65
laure,15
300e,11
architecte,59
dressing,966
11ème,45
triplex,11
mutualité,15
maubert,24
près,131
demeure,26
minutes,107
21m²,14
ensoleillé,218
niveau,85
orientation,30
ll,70
loi,738
arrondissement,173
comine,13
goncourt,17
branchement,84
meublé,2420
bastille,88
télécharger,17
augustin,43
the,48
plaisance,41
compter,22
fenêtres,296
12h30,13
système,14
actuellement,84
gardiennage,54
12m²,19
priorité,27
54m²,14
aménagée,1985
xvi,44
douche,1686
coin,841
invité,17
cellier,25
exelmans,75
organiser,25
couchage,50
caillou,12
écran,84
élégantes,13
séparées,106
chargé,11
minimum,64
nation,75
pièce,1566
éme,29
vi,14
proche,1263
suchet,14
bac,37
renvoyer,19
extérieur,18
neuve,92
depuis,24
repasser,11
vues,30
rédaction,397
entre,304
48h,19
ave,16
t3,19
rendez,110
anvers,24
documents,11
tables,15
réserver,32
montmorency,11
rennes,28
lodgis,157
madeleine,57
prisé,12
desservi,19
suite,1041
calme,2404
faire,51
11m²,23
ancienne,17
sanitaires,13
lumière,61
ges,16
distribution,46
donc,18
lagache,30
limite,25
abbé,12
privée,32
penderie,185
m2,314
plat,82
ouen,16
calculés,11
dès,35
imposition,18
boissière,19
concierge,20
séparés,1208
vivant,56
cabinet,108
3ème,924
parqueté,12
plusieurs,24
trouve,23
butte,42
vidéo,19
voie,19
loué,352
première,32
aucun,33
quartiers,21
boileau,16
rénovation,71
caves,22
jardin,660
vitrocéramiques,36
or,27
19e,21
république,42
8ème,131
6ème,564
uniquement,170
vitrées,49
mr,49
notamment,15
george,35
bolivar,12
exclues,81
attenant,28
disponibilité,75
52m²,13
exclusivité,131
annonces,133
1er,976
daubenton,26
supplémentaire,15
boiseries,15
marceau,31
point,55
piétonne,23
quatrième,43
75e,11
conditionné,14
douches,223
séparée,1217
monuments,12
orsay,14
type,188
italienne,117
colocations,18
marie,20
froide,48
unique,19
chemin,28
laver,203
salarié,18
hoche,13
filles,11
min,63
miroir,20
puis,26
gare,126
pres,25
tous,245
nord,48
mètres,78
vides,92
option,24
titre,41
dégagée,466
t2,29
denfert,38
troisième,62
closet,17
agence,630
parentale,152
contact,330
entretenue,66
centre,44
dpe,87
lauriston,16
diderot,22
luminosité,39
commerçant,128
100e,20
edf,20
référence,219
récent,513
exception,45
ni,68
plantes,30
fournis,71
rare,73
belleville,41
connexion,39
triangle,22
via,16
madame,14
avoir,13
vaisselles,30
contractuel,51
lenoir,11
métros,150
indépendante,586
sanitaire,11
soignée,15
chêne,31
temps,34
19ème,47
maintenant,118
proximité,984
lachaise,21
grandes,180
haussmann,22
julie,17
constitution,379
ballon,30
possibilité,488
200e,18
combiné,13
annexe,15
confortable,55
12e,25
france,32
orléans,21
autre,129
splendide,21
85m²,13
veuillez,36
électrique,856
appeler,26
faisant,22
longchamp,15
